{
    "versions": {
        "1": {
            "version": "0.1.1",
            "humanReadableVersion": "v0.1.1",
            "versionType": "OPTIONAL",
            "humanReadableChangelog": "Added 1st-3rd Declensions, first released",
            "humanReadableCopyright": "Copyright © 2019 Kabir at Latlege by JCLSource, All Rights Reserved",
            "humanReadableInfo": "LatLege is a Latin study app. It is also affiliated with jclsource.org.",
            "macBundleIdentifier": "com.cmtech.jclresource.osx.latlege",
            "windowsBundleIdentifier": "com.cmtech.jclresource.win.latlege"
        },
        "2": {
            "version": "0.1.2",
            "humanReadableVersion": "v0.1.2",
            "versionType": "OPTIONAL",
            "humanReadableChangelog": "Split charts into chart types, installer files",
            "humanReadableCopyright": "Copyright © 2019 Kabir at Latlege by JCLSource, All Rights Reserved",
            "humanReadableInfo": "LatLege is a Latin study app. It is also affiliated with jclsource.org.",
            "macBundleIdentifier": "com.cmtech.jclresource.osx.latlege",
            "windowsBundleIdentifier": "com.cmtech.jclresource.win.latlege"
        },
        "3": {
            "version": "0.1.3",
            "humanReadableVersion": "v0.1.3",
            "versionType": "OPTIONAL",
            "humanReadableChangelog": "Update within the app (hopefully!), learn vocab",
            "humanReadableCopyright": "Copyright © 2019 Kabir at Latlege by JCLSource, All Rights Reserved",
            "humanReadableInfo": "LatLege is a Latin study app. It is also affiliated with jclsource.org.",
            "macBundleIdentifier": "com.cmtech.jclresource.osx.latlege",
            "windowsBundleIdentifier": "com.cmtech.jclresource.win.latlege"
        },
        "4": {
            "version": "0.1.4",
            "humanReadableVersion": "v0.1.4",
            "versionType": "OPTIONAL",
            "humanReadableChangelog": "Improved learn vocab, more learn vocab stages, review charts, review vocab",
            "humanReadableCopyright": "Copyright © 2019 Kabir at Latlege by JCLSource, All Rights Reserved",
            "humanReadableInfo": "LatLege is a Latin study app. It is also affiliated with jclsource.org.",
            "macBundleIdentifier": "com.cmtech.jclresource.osx.latlege",
            "windowsBundleIdentifier": "com.cmtech.jclresource.win.latlege"
        },
        "5": {
            "version": "0.1.5",
            "humanReadableVersion": "v0.1.5",
            "versionType": "OPTIONAL",
            "humanReadableChangelog": "Testing update functionality",
            "humanReadableCopyright": "Copyright © 2019 Kabir at Latlege by JCLSource, All Rights Reserved",
            "humanReadableInfo": "LatLege is a Latin study app. It is also affiliated with jclsource.org.",
            "macBundleIdentifier": "com.cmtech.jclresource.osx.latlege",
            "windowsBundleIdentifier": "com.cmtech.jclresource.win.latlege"
        }
    }
}